Doc_i;ID_i;Doc_j;ID_j;Cosine Similarity
13;11909;1986;16638;0,5280284
16;15920;1471;23575;0,5513489
17;15926;3851;182619;0,5075384
34;23622;3775;169242;0,5658609
43;28061;843;203949;0,5528099
47;30209;1778;118550;0,536114
50;30543;1374;19499;0,6938324
80;35842;1525;26936;0,5010554
83;36823;84;36824;0,6622281
87;37755;515;150576;0,5853597
87;37755;2939;68083;0,563229
87;37755;3103;84840;0,5074272
97;40248;671;178474;0,5958091
97;40248;2552;40067;0,5249256
97;40248;2955;69535;0,5791378
97;40248;3109;86078;0,566981
99;40825;3456;125746;0,6583932
100;40976;2569;40816;0,5279389
106;45941;2668;47854;0,5417994
106;45941;2752;54470;0,522646
107;46340;3327;108254;0,5146319
107;46340;3460;126120;0,5838377
119;49619;2693;49618;0,5458345
120;49813;2810;57798;0,5221331
127;51660;208;73640;0,5976121
127;51660;259;90211;0,5699734
127;51660;271;93451;0,5441027
127;51660;382;119749;0,6431899
127;51660;425;125442;0,5042371
127;51660;470;135264;0,5782333
127;51660;1766;105570;0,5188368
127;51660;2868;62964;0,6356448
127;51660;3110;86093;0,5641323
127;51660;3148;90213;0,5427847
127;51660;3213;97812;0,5033229
127;51660;3635;149098;0,5370388
127;51660;3872;185557;0,6326328
128;52299;170;65639;0,5432153
128;52299;1895;5774;0,6017998
132;53612;2988;72491;0,5226704
132;53612;3476;127810;0,6068619
132;53612;3540;135747;0,572515
132;53612;3680;154125;0,5335649
135;56009;647;174492;0,6453892
135;56009;2815;58240;0,6335274
135;56009;2935;67968;0,5104005
135;56009;2936;67974;0,6381491
135;56009;3321;107880;0,6550596
135;56009;3334;108928;0,5890666
141;57496;296;99206;0,518805
145;59043;146;59046;0,5338647
145;59043;187;69660;0,5477961
145;59043;2686;49507;0,5424772
146;59046;187;69660;0,5302446
146;59046;240;84550;0,5484139
146;59046;544;155061;0,5627414
146;59046;2686;49507;0,5985044
152;59954;346;109295;0,5182323
159;61437;221;79043;0,5038757
165;63758;169;65096;0,5539759
165;63758;197;71418;0,5457986
165;63758;2425;35596;0,5379589
165;63758;2516;37946;0,5075243
165;63758;2939;68083;0,6169329
169;65096;197;71418;0,5912499
169;65096;515;150576;0,500546
169;65096;2516;37946;0,5510553
169;65096;2939;68083;0,5949868
169;65096;3103;84840;0,5170493
179;67463;1608;34990;0,516144
184;69277;938;218753;0,5004497
184;69277;4190;227953;0,571184
187;69660;240;84550;0,5650333
187;69660;544;155061;0,5642682
187;69660;2686;49507;0,7459448
193;70863;2605;42122;0,5052216
195;71011;316;103851;0,5824094
195;71011;399;123004;0,6121388
195;71011;473;135875;0,5217513
195;71011;540;153941;0,6324594
195;71011;558;157436;0,5437261
195;71011;860;206480;0,5758531
195;71011;966;223136;0,5200509
195;71011;1545;28623;0,5554422
195;71011;1589;33196;0,5934547
195;71011;1830;149252;0,621161
195;71011;2292;29856;0,6397909
195;71011;2411;35577;0,6188908
195;71011;2490;36520;0,5032353
195;71011;2856;61776;0,6834237
195;71011;3036;76759;0,6834245
195;71011;3630;148771;0,6124869
195;71011;4070;208888;0,5468697
197;71418;515;150576;0,5834529
197;71418;1636;38615;0,5264247
197;71418;2426;35597;0,5503389
197;71418;2427;35598;0,5169417
197;71418;2516;37946;0,5780121
197;71418;2939;68083;0,6745174
197;71418;3060;79432;0,5093456
197;71418;3103;84840;0,5520707
200;71670;451;130224;0,5462406
200;71670;1046;4728;0,5352527
208;73640;259;90211;0,5562519
208;73640;271;93451;0,52739
208;73640;382;119749;0,5650684
208;73640;470;135264;0,553655
208;73640;1766;105570;0,5588126
208;73640;2868;62964;0,6313875
208;73640;3148;90213;0,5482327
208;73640;3872;185557;0,5774403
220;78751;324;104720;0,7157379
227;81482;408;123551;0,5289486
227;81482;845;204023;0,5747865
233;82918;2717;51641;0,6123308
233;82918;3061;79498;0,5699639
233;82918;3105;85270;0,6007179
233;82918;3434;124186;0,5449503
233;82918;3543;136036;0,5091529
240;84550;544;155061;0,5957355
240;84550;2686;49507;0,6137875
244;85941;273;94395;0,5076534
244;85941;2766;55370;0,5103831
245;86269;246;86273;0,5728534
245;86269;2987;72440;0,5745155
245;86269;3111;86265;0,6224734
245;86269;3112;86267;0,6448903
245;86269;3113;86268;0,6826354
245;86269;3114;86270;0,5692248
246;86273;262;91188;0,5303334
246;86273;2987;72440;0,5153296
246;86273;3111;86265;0,5535588
246;86273;3112;86267;0,6319077
246;86273;3113;86268;0,6535259
246;86273;3114;86270;0,6725654
252;88411;3017;75015;0,5382982
259;90211;271;93451;0,5268637
259;90211;382;119749;0,5830728
259;90211;470;135264;0,557624
259;90211;2868;62964;0,61461
259;90211;3148;90213;0,6066092
259;90211;3635;149098;0,5313665
259;90211;3872;185557;0,5887024
262;91188;267;91881;0,5333135
262;91188;2981;71916;0,50629
262;91188;2987;72440;0,5632269
262;91188;3112;86267;0,5050055
262;91188;3113;86268;0,5827061
264;91614;267;91881;0,6011242
266;91843;348;109549;0,5345348
266;91843;3422;123010;0,5075419
269;92490;961;222690;0,5142378
269;92490;3663;152484;0,5559132
269;92490;4019;204221;0,5819867
271;93451;382;119749;0,5308468
271;93451;470;135264;0,5747046
271;93451;2868;62964;0,5930077
271;93451;3110;86093;0,5109549
271;93451;3148;90213;0,5258826
271;93451;3213;97812;0,5144746
271;93451;3872;185557;0,5488123
273;94395;1157;11047;0,5057724
273;94395;1172;11622;0,5466531
273;94395;1173;11623;0,5466531
273;94395;1202;12289;0,5048249
273;94395;1927;11625;0,5639626
273;94395;1982;16525;0,5400938
273;94395;2672;47966;0,5210519
273;94395;2766;55370;0,5469393
276;95191;3186;95190;0,9046995
280;95739;1778;118550;0,5517344
283;96321;284;96323;0,565473
283;96321;285;96329;0,5223011
283;96321;315;103805;0,5165721
283;96321;2605;42122;0,5060511
285;96329;315;103805;0,6727214
285;96329;430;126575;0,5062973
285;96329;442;129326;0,510788
285;96329;1283;15448;0,5487058
285;96329;2605;42122;0,5522111
285;96329;3192;96331;0,5559268
285;96329;3279;103806;0,6209143
286;96400;1945;12704;0,5117328
310;103168;355;113456;0,5545309
310;103168;396;122255;0,5120098
315;103805;430;126575;0,5538982
315;103805;442;129326;0,5089003
315;103805;2605;42122;0,5907887
315;103805;2970;70861;0,567824
315;103805;3279;103806;0,6768752
316;103851;399;123004;0,5446389
316;103851;473;135875;0,5156107
316;103851;540;153941;0,5826569
316;103851;558;157436;0,5687428
316;103851;860;206480;0,5208278
316;103851;966;223136;0,5118499
316;103851;1589;33196;0,5209556
316;103851;1830;149252;0,5482238
316;103851;2292;29856;0,5758483
316;103851;2411;35577;0,5732708
316;103851;2856;61776;0,6430269
316;103851;3036;76759;0,6263012
316;103851;3630;148771;0,5580401
323;104384;787;194065;0,5633814
326;105054;3300;105055;0,8224512
333;105915;1525;26936;0,7611727
333;105915;2542;39542;0,6126569
333;105915;3782;169929;0,6553285
348;109549;3422;123010;0,5682846
348;109549;3989;200629;0,5152609
354;113298;994;227339;0,5187262
354;113298;2268;28369;0,5042918
355;113456;4126;216581;0,500208
356;113580;3754;166447;0,5026093
364;115525;3253;101901;0,5516818
372;117551;3539;135584;0,5009924
374;117914;3052;78243;0,5871161
382;119749;470;135264;0,5830226
382;119749;1766;105570;0,5220567
382;119749;2868;62964;0,634626
382;119749;3093;83302;0,5066182
382;119749;3110;86093;0,538529
382;119749;3148;90213;0,5438946
382;119749;3635;149098;0,5257697
382;119749;3872;185557;0,7067547
394;122092;3098;84139;0,5766062
397;122276;434;127612;0,614667
397;122276;2064;20259;0,5602088
397;122276;2114;21930;0,6406083
397;122276;2502;37182;0,5215312
397;122276;3038;77166;0,5768337
397;122276;3174;92095;0,645066
397;122276;3804;174083;0,5559465
399;123004;540;153941;0,5909594
399;123004;860;206480;0,5569704
399;123004;1545;28623;0,5158211
399;123004;1589;33196;0,550041
399;123004;1830;149252;0,5766305
399;123004;2292;29856;0,6017527
399;123004;2411;35577;0,5856003
399;123004;2856;61776;0,6348941
399;123004;3036;76759;0,6209978
399;123004;3630;148771;0,6044829
407;123526;2446;35638;0,5457572
407;123526;3142;89852;0,5059039
407;123526;3601;143223;0,5267453
409;123564;2717;51641;0,5157886
409;123564;2833;59533;0,5609247
409;123564;3105;85270;0,5288624
419;124307;3415;122223;0,5095661
423;125278;424;125280;0,5005602
425;125442;3148;90213;0,5312212
429;126574;791;195924;0,5000373
429;126574;2670;47905;0,5988105
430;126575;3279;103806;0,5436829
434;127612;1492;25191;0,5619785
434;127612;2064;20259;0,582049
434;127612;2114;21930;0,6060708
434;127612;2502;37182;0,5259187
434;127612;3038;77166;0,6324019
434;127612;3174;92095;0,6595955
434;127612;3804;174083;0,6221961
436;127700;3214;98033;0,5125114
442;129326;845;204023;0,5331589
448;130019;3046;77602;0,5003812
453;131187;696;180751;0,5783249
453;131187;3779;169873;0,5638217
459;133711;787;194065;0,5694576
470;135264;2868;62964;0,628033
470;135264;3093;83302;0,5180293
470;135264;3110;86093;0,5516964
470;135264;3147;90212;0,500896
470;135264;3148;90213;0,5563983
470;135264;3213;97812;0,5668492
470;135264;3872;185557;0,5636346
473;135875;540;153941;0,5075563
473;135875;2292;29856;0,5155218
473;135875;2856;61776;0,5938638
473;135875;3036;76759;0,5543081
473;135875;3630;148771;0,5233282
475;136987;3586;140529;0,5340669
477;137219;599;165283;0,5219797
477;137219;2717;51641;0,6273938
477;137219;3061;79498;0,5309147
477;137219;3105;85270;0,5617063
477;137219;3434;124186;0,5652255
477;137219;3543;136036;0,5955926
477;137219;3928;194530;0,5023877
477;137219;4000;201731;0,5186824
478;137263;2194;25556;0,5053994
478;137263;3241;100820;0,5424598
479;137287;3604;143364;0,6464925
488;139174;3513;133212;0,5141346
509;146627;2552;40067;0,5596439
509;146627;2562;40545;0,5686402
509;146627;3109;86078;0,5081371
515;150576;1636;38615;0,5264432
515;150576;2426;35597;0,5734065
515;150576;2427;35598;0,5695354
515;150576;2900;65291;0,5083066
515;150576;2905;65736;0,5242985
515;150576;2939;68083;0,6684319
515;150576;3103;84840;0,5911803
520;151062;3456;125746;0,572097
523;151539;4160;223798;0,521428
525;151868;3075;81940;0,5181172
529;152157;1003;227714;0,5042521
529;152157;2569;40816;0,56749
540;153941;558;157436;0,524551
540;153941;860;206480;0,5476688
540;153941;966;223136;0,5071899
540;153941;1589;33196;0,5612795
540;153941;1830;149252;0,595302
540;153941;2292;29856;0,6322461
540;153941;2411;35577;0,604746
540;153941;2856;61776;0,6626768
540;153941;3036;76759;0,6521893
540;153941;3630;148771;0,6497294
540;153941;4070;208888;0,5138398
542;154794;543;154798;0,553959
542;154794;4184;227049;0,5509565
543;154798;945;220033;0,5175834
543;154798;3623;146799;0,5306997
543;154798;4184;227049;0,6837289
544;155061;2686;49507;0,6300593
558;157436;1830;149252;0,502123
558;157436;2292;29856;0,5034995
558;157436;2856;61776;0,526782
558;157436;3036;76759;0,5845494
561;157757;3263;103160;0,5473342
563;158114;1670;45174;0,5312072
563;158114;2618;43165;0,5170416
563;158114;3120;87536;0,5443788
563;158114;3697;156202;0,5017462
569;159555;748;187542;0,5067909
574;160334;2980;71785;0,5478928
581;160824;697;180864;0,5733247
583;161112;3849;182446;0,5074839
599;165283;1140;10045;0,5110526
599;165283;2717;51641;0,6278672
599;165283;3061;79498;0,5854655
599;165283;3105;85270;0,6026401
599;165283;3434;124186;0,5968685
599;165283;3543;136036;0,5659239
599;165283;4000;201731;0,5032365
606;167264;808;198529;0,5303336
606;167264;3595;142659;0,5455943
609;168260;4057;207120;0,5116167
615;169140;755;188315;0,6033596
615;169140;1881;217332;0,5487759
615;169140;3781;169898;0,5265196
615;169140;3815;176129;0,5106083
615;169140;4112;215114;0,5040185
616;169243;617;169244;0,5931543
617;169244;4141;219124;0,5073627
621;169618;3518;133716;0,5140989
637;172985;3671;153619;0,5544723
637;172985;4098;211201;0,562891
643;173811;2236;26959;0,5148568
646;173816;3684;155453;0,519178
647;174492;2815;58240;0,5886351
647;174492;2936;67974;0,5530171
647;174492;3321;107880;0,6562393
647;174492;3334;108928;0,5231712
648;174633;2338;32259;0,5261899
648;174633;3427;123344;0,5341689
662;177533;3288;104250;0,565568
662;177533;3395;119413;0,6294667
665;178046;666;178047;0,7918509
665;178046;1434;21218;0,5014132
665;178046;1582;32221;0,5062046
671;178474;3109;86078;0,5117089
690;180349;2533;38832;0,5266128
691;180360;928;216878;0,5639092
691;180360;3526;134398;0,5929487
691;180360;3677;153854;0,504598
691;180360;3969;199123;0,5891148
697;180864;703;182091;0,5335484
701;181963;1837;154743;0,5891389
703;182091;1636;38615;0,51509
703;182091;2516;37946;0,5175442
703;182091;2939;68083;0,513725
713;183323;3121;87735;0,5298733
723;185196;3930;194716;0,5387096
726;185488;3422;123010;0,5297086
735;186374;2939;68083;0,5136639
736;186377;3872;185557;0,5064608
748;187542;1364;19077;0,5110626
748;187542;1438;21255;0,5495028
753;188207;2426;35597;0,5102912
755;188315;1881;217332;0,5034211
755;188315;3927;194344;0,5463416
822;200765;960;222689;0,5479509
822;200765;961;222690;0,6538866
822;200765;3546;136255;0,5205098
822;200765;3634;149071;0,7325768
822;200765;3797;172599;0,6440961
822;200765;4019;204221;0,668567
823;200806;3120;87536;0,5468453
824;200807;836;202757;0,575591
824;200807;3287;104204;0,5204879
824;200807;3328;108365;0,5130227
824;200807;3354;113632;0,5257658
824;200807;3376;117980;0,526928
824;200807;3742;163323;0,6017398
824;200807;3849;182446;0,519334
834;202565;3476;127810;0,5238357
834;202565;3540;135747;0,5486274
836;202757;3287;104204;0,5320854
836;202757;3742;163323;0,6159174
836;202757;3849;182446;0,5345839
841;203602;2551;40055;0,5322275
844;203979;3660;152311;0,5438907
845;204023;1283;15448;0,5060291
848;204361;958;222666;0,5249722
860;206480;1589;33196;0,5138639
860;206480;1830;149252;0,5488924
860;206480;2292;29856;0,5636474
860;206480;2411;35577;0,5460652
860;206480;2856;61776;0,5856341
860;206480;3036;76759;0,5979636
860;206480;3630;148771;0,5843901
860;206480;3663;152484;0,5345251
876;208915;3728;161303;0,5259425
899;213934;2279;29428;0,5284815
906;214770;2850;61100;0,5548419
912;215092;3275;103622;0,7206839
913;215115;916;215365;0,6490215
928;216878;3969;199123;0,5325915
937;218699;1765;104416;0,570923
937;218699;3347;112672;0,5415871
937;218699;3742;163323;0,5513157
938;218753;4190;227953;0,514293
943;219935;1529;27210;0,513971
945;220033;4184;227049;0,518846
960;222689;961;222690;0,5512806
960;222689;3634;149071;0,5053334
961;222690;3634;149071;0,6354139
961;222690;4019;204221;0,6192508
966;223136;2292;29856;0,5134119
966;223136;2856;61776;0,566295
966;223136;3036;76759;0,6512348
966;223136;3630;148771;0,5193695
967;223674;1670;45174;0,591252
967;223674;2285;29604;0,6895008
967;223674;2618;43165;0,6884887
967;223674;2767;55455;0,5855411
967;223674;3072;81781;0,5744269
967;223674;3120;87536;0,7144749
967;223674;3211;97640;0,6166196
967;223674;3408;120554;0,6462659
967;223674;3640;149707;0,6382306
967;223674;3697;156202;0,5284768
968;223838;2863;62658;0,5047053
988;226841;3598;142831;0,5527682
990;226915;2827;58955;0,5081502
994;227339;4104;212933;0,5508576
1027;229483;4178;226367;0,5642536
1037;2416;2380;34677;0,5146593
1053;5917;3425;123124;0,5261672
1054;6039;1108;9195;0,6459836
1054;6039;1924;11423;0,5096739
1056;6147;1089;8658;0,5101119
1056;6147;1116;9332;0,6659076
1056;6147;1188;11977;0,5592368
1056;6147;1275;14820;0,6423808
1056;6147;1282;15401;0,5432573
1056;6147;1292;16130;0,5872117
1056;6147;1384;19843;0,5125875
1056;6147;1386;19861;0,6071884
1056;6147;1430;20943;0,5267132
1057;6861;1066;7536;0,5214246
1057;6861;2512;37725;0,5978312
1073;7879;1322;17520;0,5304479
1073;7879;1900;7880;0,5104187
1074;7898;1216;12561;0,6266152
1074;7898;1279;15106;0,6031332
1074;7898;1309;17007;0,6119685
1074;7898;1355;18842;0,5286451
1074;7898;1614;35329;0,5310816
1074;7898;1918;10501;0,5310671
1077;8264;1373;19433;0,6231897
1077;8264;2386;34996;0,5700293
1078;8290;1470;23515;0,502461
1088;8617;1458;22625;0,5907778
1089;8658;1116;9332;0,5749876
1098;9047;1384;19843;0,5097298
1102;9122;1103;9123;0,5189255
1102;9122;2256;27934;0,5643806
1106;9144;1375;19562;0,6106694
1114;9308;1386;19861;0,537805
1116;9332;1188;11977;0,6152064
1116;9332;1275;14820;0,5982623
1116;9332;1282;15401;0,5696405
1116;9332;1292;16130;0,5619189
1116;9332;1312;17127;0,5158805
1116;9332;1386;19861;0,573816
1116;9332;1430;20943;0,5425952
1127;9592;1159;11219;0,5228055
1127;9592;1467;23210;0,5055035
1137;9899;1198;12178;0,5623208
1140;10045;2717;51641;0,6178621
1140;10045;3061;79498;0,6527748
1140;10045;3105;85270;0,5835171
1140;10045;3434;124186;0,5486832
1152;10601;1277;14959;0,5093711
1152;10601;1283;15448;0,5827565
1154;10835;1778;118550;0,5401474
1155;11010;1499;26069;0,5132378
1171;11621;1172;11622;0,9186699
1171;11621;1173;11623;0,9186699
1171;11621;1202;12289;0,5568511
1171;11621;1927;11625;0,7707124
1171;11621;2774;56027;0,5584364
1172;11622;1173;11623;0,9999999
1172;11622;1202;12289;0,5967751
1172;11622;1209;12448;0,5182654
1172;11622;1927;11625;0,8460535
1172;11622;1982;16525;0,5250666
1172;11622;2774;56027;0,6485366
1173;11623;1202;12289;0,5967751
1173;11623;1209;12448;0,5182654
1173;11623;1927;11625;0,8460535
1173;11623;1982;16525;0,5250666
1173;11623;2774;56027;0,6485366
1192;12045;2085;20755;0,6610448
1196;12130;3427;123344;0,5006301
1202;12289;1209;12448;0,5111709
1202;12289;1927;11625;0,6157123
1202;12289;1982;16525;0,5001549
1209;12448;1927;11625;0,5260661
1212;12506;2924;67045;0,5045993
1214;12518;1369;19294;0,5516486
1216;12561;1279;15106;0,7546479
1216;12561;1307;16870;0,5294665
1216;12561;1309;17007;0,7244972
1216;12561;1918;10501;0,6157731
1219;12573;2181;25449;0,5008065
1220;12599;1291;16039;0,5175077
1230;13050;1888;2719;0,5680375
1233;13127;1234;13129;0,5467813
1233;13127;1279;15106;0,5073543
1243;13435;2850;61100;0,5890583
1256;13909;1257;13910;0,548007
1256;13909;1929;11833;0,5388828
1260;13963;1888;2719;0,512777
1265;14187;1279;15106;0,5078196
1265;14187;1614;35329;0,5497966
1268;14399;1452;22269;0,5122246
1271;14720;1282;15401;0,5073833
1272;14722;1392;20072;0,5907442
1272;14722;2042;19621;0,6165329
1272;14722;2120;22282;0,5231571
1272;14722;2271;28683;0,5650001
1275;14820;1282;15401;0,5002666
1275;14820;1386;19861;0,5164106
1275;14820;1585;32260;0,537954
1279;15106;1307;16870;0,5081695
1279;15106;1309;17007;0,6754168
1279;15106;1918;10501;0,5729138
1279;15106;1941;12562;0,5058824
1292;16130;1386;19861;0,5198975
1292;16130;1427;20900;0,5125
1307;16870;1309;17007;0,5581505
1309;17007;1918;10501;0,5427992
1310;17051;1347;18663;0,5560046
1310;17051;3053;78464;0,5722018
1313;17184;2184;25454;0,5314645
1315;17280;2341;32492;0,5236523
1316;17411;1383;19798;0,5432205
1320;17501;2617;42964;0,5272016
1320;17501;3548;136361;0,5405648
1326;17537;1939;12487;0,5110348
1333;17900;1334;17901;0,8630786
1335;17937;1355;18842;0,5771962
1335;17937;1614;35329;0,5155368
1337;18234;2052;19967;0,5045691
1344;18516;1831;151437;0,5043997
1347;18663;3053;78464;0,5604884
1349;18761;2020;18762;0,5647333
1352;18802;1525;26936;0,535437
1352;18802;2234;26926;0,5179803
1354;18832;1392;20072;0,5653174
1354;18832;2042;19621;0,5942249
1354;18832;2120;22282;0,5467653
1354;18832;2271;28683;0,5126899
1354;18832;2925;67152;0,5435967
1355;18842;1614;35329;0,6789531
1360;19033;2297;30393;0,5325343
1361;19034;2919;66728;0,5407572
1361;19034;3801;173804;0,5748957
1364;19077;1386;19861;0,5655091
1364;19077;1409;20505;0,5763045
1384;19843;1518;26583;0,5565536
1386;19861;1408;20492;0,5004151
1386;19861;1430;20943;0,5305583
1386;19861;1479;24209;0,5100417
1386;19861;1559;30225;0,5085317
1386;19861;1575;31786;0,5240945
1386;19861;1602;34885;0,5525818
1392;20072;2042;19621;0,7802872
1392;20072;2120;22282;0,7125186
1392;20072;2123;22466;0,5181506
1392;20072;2271;28683;0,7080566
1392;20072;2925;67152;0,5793616
1397;20227;2099;21217;0,5282411
1397;20227;3500;131025;0,5070887
1403;20368;2067;20359;0,5611542
1408;20492;1602;34885;0,5679181
1416;20614;1446;21838;0,508961
1417;20635;2184;25454;0,5775454
1418;20636;2184;25454;0,5220084
1430;20943;1575;31786;0,5746127
1430;20943;1602;34885;0,5656424
1431;20982;2512;37725;0,5006076
1434;21218;2167;24893;0,6224815
1434;21218;2299;30491;0,531952
1443;21712;1444;21779;0,5634209
1446;21838;1534;27724;0,5217616
1446;21838;1892;4751;0,5258446
1446;21838;2058;20147;0,5066734
1446;21838;2687;49555;0,5634128
1447;21958;2566;40668;0,5664207
1451;22205;1467;23210;0,5785739
1451;22205;1474;23741;0,5324518
1451;22205;1499;26069;0,521224
1457;22618;4057;207120;0,515839
1457;22618;4119;215743;0,7150176
1462;22991;1518;26583;0,5005609
1470;23515;2792;56680;0,5282082
1479;24209;1602;34885;0,5246598
1486;24785;4089;209733;0,5023561
1487;24786;4089;209733;0,6143786
1492;25191;2064;20259;0,609002
1492;25191;2502;37182;0,514487
1492;25191;3038;77166;0,5021063
1509;26476;3381;118181;0,5317485
1510;26483;2881;64251;0,5213588
1510;26483;3247;101497;0,5120386
1518;26583;1602;34885;0,5090848
1525;26936;2234;26926;0,5707269
1525;26936;2542;39542;0,7514355
1525;26936;3782;169929;0,7256081
1529;27210;2570;40898;0,5033171
1534;27724;3259;102564;0,5440257
1537;27893;2162;24661;0,5523683
1538;27913;1595;33751;0,5621768
1538;27913;2040;19616;0,5528197
1538;27913;2892;64951;0,5778162
1540;28040;1609;35019;0,5951814
1540;28040;2970;70861;0,5203541
1542;28254;1602;34885;0,5658635
1545;28623;1589;33196;0,535234
1545;28623;2292;29856;0,5285934
1545;28623;2856;61776;0,5491801
1545;28623;3036;76759;0,5476227
1545;28623;3630;148771;0,5352675
1547;28809;1548;28810;0,9408899
1547;28809;1962;14385;0,5284582
1548;28810;1962;14385;0,5508946
1555;29711;2042;19621;0,5115628
1559;30225;1575;31786;0,5472105
1559;30225;1602;34885;0,5989791
1559;30225;2240;27126;0,5719281
1561;30360;2162;24661;0,5122859
1575;31786;1585;32260;0,5066349
1575;31786;1602;34885;0,5995112
1575;31786;2240;27126;0,5125235
1585;32260;1602;34885;0,5563735
1589;33196;1830;149252;0,5498641
1589;33196;2292;29856;0,5876333
1589;33196;2411;35577;0,5477497
1589;33196;2856;61776;0,6153198
1589;33196;3036;76759;0,6005684
1589;33196;3630;148771;0,5622348
1589;33196;4070;208888;0,5315055
1595;33751;2040;19616;0,570549
1595;33751;2892;64951;0,5664291
1602;34885;2240;27126;0,5530312
1608;34990;1618;36216;0,5347995
1608;34990;2987;72440;0,6210301
1612;35133;2390;35132;0,7859827
1625;37058;2550;40044;0,5517399
1628;37323;1646;39953;0,5255744
1628;37323;2552;40067;0,5121763
1628;37323;2562;40545;0,5165899
1628;37323;2675;48161;0,5419186
1636;38615;2516;37946;0,5441146
1636;38615;2900;65291;0,5402064
1636;38615;2939;68083;0,604481
1636;38615;3103;84840;0,5467273
1640;39533;3208;97461;0,5316661
1640;39533;3485;129186;0,5323114
1646;39953;2552;40067;0,5598012
1646;39953;2562;40545;0,5302623
1646;39953;3109;86078;0,5501766
1652;41482;1718;60368;0,6023798
1652;41482;2756;54668;0,5316418
1658;42157;2838;60535;0,5223485
1658;42157;2988;72491;0,5192567
1658;42157;3476;127810;0,577656
1658;42157;3540;135747;0,522967
1658;42157;3680;154125;0,5330219
1670;45174;2285;29604;0,6052704
1670;45174;2618;43165;0,669417
1670;45174;2767;55455;0,6347753
1670;45174;3072;81781;0,5223528
1670;45174;3120;87536;0,709539
1670;45174;3211;97640;0,5406498
1670;45174;3408;120554;0,5157777
1670;45174;3640;149707;0,5672202
1670;45174;3697;156202;0,599376
1685;50496;2792;56680;0,544294
1694;52229;1701;55428;0,5624213
1695;52231;3120;87536;0,515745
1695;52231;3211;97640;0,6090686
1696;53050;2939;68083;0,5209237
1696;53050;3103;84840;0,5077487
1705;55914;3422;123010;0,5214683
1712;57866;2418;35585;0,5320335
1712;57866;2671;47939;0,5342843
1713;58118;2166;24886;0,6320344
1714;58940;3184;94286;0,6165333
1714;58940;3288;104250;0,5059055
1714;58940;3395;119413;0,5778029
1718;60368;2065;20323;0,5165572
1718;60368;2756;54668;0,5700242
1718;60368;3477;127969;0,5102286
1726;68492;2668;47854;0,5546599
1726;68492;2752;54470;0,5916756
1732;74042;2286;29611;0,523076
1744;93002;1811;133840;0,5064514
1744;93002;3564;137939;0,551252
1759;100544;3278;103701;0,5724276
1759;100544;3651;151223;0,5044023
1761;101092;2065;20323;0,501509
1766;105570;2868;62964;0,529781
1766;105570;3872;185557;0,5190399
1768;107894;3270;103461;0,6461164
1778;118550;3971;199317;0,5599874
1782;120544;3923;193944;0,5016001
1786;124014;2887;64540;0,6142536
1787;124948;3447;125306;0,6228677
1788;125226;3450;125397;0,5016716
1802;133461;1877;204345;0,5328143
1803;133514;3416;122570;0,5399946
1816;136002;3397;119651;0,5276215
1822;142026;3127;88400;0,5493968
1823;142336;1831;151437;0,5317025
1828;147858;3633;149013;0,6181923
1828;147858;3955;197908;0,5618317
1830;149252;2292;29856;0,6187717
1830;149252;2411;35577;0,5977948
1830;149252;2856;61776;0,6686092
1830;149252;2988;72491;0,6798599
1830;149252;3036;76759;0,6339723
1830;149252;3630;148771;0,5975043
1830;149252;3663;152484;0,5017298
1830;149252;4070;208888;0,5013825
1831;151437;2552;40067;0,5105518
1831;151437;4044;206437;0,5991623
1831;151437;4121;215991;0,5165303
1853;172974;3759;166844;0,583693
1867;184321;3669;153331;0,6224355
1877;204345;4103;212595;0,5483041
1878;206517;4046;206516;0,825201
1880;217126;2774;56027;0,5079287
1883;218936;3241;100820;0,5048374
1884;218979;4141;219124;0,5001675
1896;6690;1997;17439;0,5165668
1896;6690;2181;25449;0,504033
1913;9940;2032;19229;0,5466392
1922;11323;1932;11960;0,5908208
1924;11423;2290;29852;0,5724933
1927;11625;1982;16525;0,5443378
1927;11625;2157;24123;0,5202667
1927;11625;2672;47966;0,5146688
1927;11625;2774;56027;0,6157477
1927;11625;4141;219124;0,5028473
1929;11833;1958;13912;0,5516198
1929;11833;2543;39601;0,5229096
1952;13352;2340;32439;0,722348
1952;13352;3430;123832;0,5607681
1959;13989;1986;16638;0,5083648
1962;14385;3588;141416;0,5110366
1965;14622;2151;23545;0,5385916
1973;15649;2237;26977;0,5347708
1976;15805;3175;92384;0,553458
1985;16636;2042;19621;0,5376566
1986;16638;2181;25449;0,5136666
1997;17439;2181;25449;0,6338277
1997;17439;2939;68083;0,549669
1997;17439;3103;84840;0,5131093
1998;17638;2280;29429;0,5041979
1998;17638;2566;40668;0,6023412
2026;19057;2111;21871;0,6320864
2028;19120;2717;51641;0,5207383
2040;19616;2892;64951;0,5087657
2042;19621;2043;19622;0,5522165
2042;19621;2120;22282;0,7392496
2042;19621;2123;22466;0,5873014
2042;19621;2271;28683;0,7238834
2042;19621;2925;67152;0,6175085
2043;19622;2271;28683;0,5162813
2064;20259;2114;21930;0,5739186
2064;20259;2502;37182;0,5385763
2064;20259;3038;77166;0,5370301
2064;20259;3174;92095;0,5199426
2064;20259;3804;174083;0,5267442
2076;20613;2376;34599;0,5151535
2082;20734;2083;20735;0,6163789
2095;21065;2096;21069;0,6216366
2114;21930;2502;37182;0,5028284
2114;21930;3038;77166;0,54257
2120;22282;2271;28683;0,6591944
2120;22282;2925;67152;0,575685
2143;23125;2937;68056;0,5798045
2166;24886;2345;33096;0,5731307
2177;25444;2179;25446;0,5332955
2178;25445;2179;25446;0,6063054
2179;25446;2180;25447;0,5232682
2179;25446;2187;25548;0,502697
2181;25449;2184;25454;0,5814186
2181;25449;2185;25455;0,5868175
2181;25449;2192;25554;0,5150889
2181;25449;2939;68083;0,5136386
2182;25451;2194;25556;0,5474375
2184;25454;2185;25455;0,5120882
2187;25548;2188;25549;0,5978812
2187;25548;2190;25552;0,5957871
2187;25548;2192;25554;0,6751989
2187;25548;2193;25555;0,6277975
2187;25548;2194;25556;0,5756133
2187;25548;2199;25726;0,5595001
2188;25549;2190;25552;0,5758954
2188;25549;2192;25554;0,6526559
2188;25549;2193;25555;0,5324598
2188;25549;2194;25556;0,5563952
2188;25549;2199;25726;0,5678607
2189;25551;2190;25552;0,54443
2190;25552;2192;25554;0,65037
2190;25552;2193;25555;0,5305948
2190;25552;2194;25556;0,5544465
2192;25554;2193;25555;0,6013173
2192;25554;2194;25556;0,6283481
2192;25554;2199;25726;0,5327373
2193;25555;2194;25556;0,5126286
2194;25556;2199;25726;0,5021693
2232;26852;2931;67464;0,5384573
2238;27004;2264;28260;0,5486464
2238;27004;2525;38301;0,5549669
2264;28260;2525;38301;0,5565189
2271;28683;2925;67152;0,5403157
2276;29294;2348;33296;0,5086211
2280;29429;2566;40668;0,591824
2283;29542;3321;107880;0,5325318
2285;29604;2618;43165;0,7906181
2285;29604;2767;55455;0,6056002
2285;29604;3072;81781;0,6471062
2285;29604;3120;87536;0,7457507
2285;29604;3211;97640;0,6079717
2285;29604;3408;120554;0,6477619
2285;29604;3640;149707;0,6494151
2285;29604;3697;156202;0,515021
2287;29707;3471;127062;0,5638562
2287;29707;3570;138640;0,5158764
2287;29707;3762;167262;0,5891762
2287;29707;3769;168898;0,5587265
2292;29856;2411;35577;0,614234
2292;29856;2490;36520;0,5817225
2292;29856;2579;41091;0,5060018
2292;29856;2856;61776;0,6849104
2292;29856;3036;76759;0,6664128
2292;29856;3630;148771;0,633541
2292;29856;4070;208888;0,521095
2312;31091;2317;31230;0,5506064
2324;31764;2345;33096;0,5364133
2338;32259;3427;123344;0,5262573
2340;32439;3430;123832;0,557996
2345;33096;2709;50498;0,6428336
2346;33162;3787;170862;0,5333265
2376;34599;4102;212098;0,5120208
2391;35138;2642;45857;0,5558137
2411;35577;2490;36520;0,5135277
2411;35577;2856;61776;0,6692892
2411;35577;3036;76759;0,6287737
2411;35577;3630;148771;0,5900573
2411;35577;4070;208888;0,5037407
2425;35596;2516;37946;0,5065746
2425;35596;2939;68083;0,5176477
2426;35597;2427;35598;0,5944421
2426;35597;2939;68083;0,5423717
2427;35598;2939;68083;0,5652625
2427;35598;3103;84840;0,5212883
2428;35599;2450;35646;0,5279478
2430;35604;3684;155453;0,541436
2435;35613;3743;163824;0,5655962
2452;35650;4004;201873;0,5859221
2477;36051;2618;43165;0,5110416
2477;36051;3120;87536;0,5204644
2490;36520;2856;61776;0,5369537
2490;36520;3036;76759;0,5194553
2515;37943;2518;37950;0,520121
2516;37946;2939;68083;0,6138638
2542;39542;3782;169929;0,5989431
2552;40067;2562;40545;0,6460677
2552;40067;2675;48161;0,6218583
2552;40067;3109;86078;0,6975074
2552;40067;3150;90346;0,5679076
2552;40067;3638;149600;0,5036985
2562;40545;2675;48161;0,5821525
2562;40545;3109;86078;0,5918894
2562;40545;3150;90346;0,5378567
2562;40545;3638;149600;0,5261082
2576;41015;2775;56064;0,5104843
2605;42122;2970;70861;0,6230279
2607;42200;2741;53828;0,5037507
2611;42462;3038;77166;0,6324139
2618;43165;2767;55455;0,6309493
2618;43165;3072;81781;0,6204164
2618;43165;3120;87536;0,7394083
2618;43165;3211;97640;0,5919977
2618;43165;3408;120554;0,6112454
2618;43165;3640;149707;0,6424251
2618;43165;3697;156202;0,5458784
2619;43201;2690;49603;0,5036066
2619;43201;3460;126120;0,5084062
2630;44495;3969;199123;0,5261167
2646;46225;3058;79180;0,5345644
2657;46813;2974;71251;0,6809652
2663;47290;2812;58049;0,5231387
2668;47854;2752;54470;0,6242534
2668;47854;4004;201873;0,5514799
2675;48161;2688;49557;0,6775582
2675;48161;3109;86078;0,5359876
2675;48161;3150;90346;0,5667415
2675;48161;3638;149600;0,5542398
2702;50078;2774;56027;0,5069981
2717;51641;2867;62946;0,5947275
2717;51641;3061;79498;0,7238683
2717;51641;3105;85270;0,7356835
2717;51641;3434;124186;0,6807114
2717;51641;3543;136036;0,5933256
2717;51641;3928;194530;0,5667364
2717;51641;4000;201731;0,6325371
2747;54123;2878;63997;0,6463656
2752;54470;3460;126120;0,509649
2756;54668;3477;127969;0,5079228
2767;55455;3120;87536;0,6341718
2767;55455;3408;120554;0,5499842
2767;55455;3640;149707;0,6799613
2770;55612;4004;201873;0,5547995
2771;55647;3405;120076;0,518688
2771;55647;3753;166376;0,5212182
2774;56027;4141;219124;0,5216147
2809;57728;2872;63467;0,6325608
2810;57798;3938;196075;0,5771431
2815;58240;2936;67974;0,5638579
2815;58240;3321;107880;0,5979974
2815;58240;3334;108928;0,5343867
2822;58633;2845;60862;0,5300694
2830;59263;3815;176129;0,5383853
2845;60862;3142;89852;0,5007262
2852;61305;3738;162906;0,5655093
2854;61430;3290;104353;0,5680331
2856;61776;3036;76759;0,6963615
2856;61776;3630;148771;0,6650074
2856;61776;4070;208888;0,5515121
2867;62946;3061;79498;0,5425676
2867;62946;3105;85270;0,5983731
2867;62946;3434;124186;0,567278
2867;62946;3543;136036;0,5080765
2867;62946;4000;201731;0,5256807
2868;62964;3093;83302;0,5268953
2868;62964;3110;86093;0,5510276
2868;62964;3148;90213;0,5991084
2868;62964;3213;97812;0,5256788
2868;62964;3635;149098;0,5395853
2868;62964;3872;185557;0,6240693
2893;65008;3249;101742;0,505268
2900;65291;2939;68083;0,591891
2900;65291;3103;84840;0,5203119
2919;66728;3801;173804;0,5161133
2920;66781;3235;99993;0,5400434
2926;67221;3335;108937;0,563401
2935;67968;2936;67974;0,6071653
2935;67968;3321;107880;0,5033259
2936;67974;3321;107880;0,6194688
2936;67974;3334;108928;0,594872
2939;68083;3060;79432;0,5067984
2939;68083;3103;84840;0,7050506
2939;68083;3121;87735;0,5077896
2939;68083;3774;169241;0,5182773
2956;69736;3810;174805;0,5122035
2971;70968;3120;87536;0,5300725
2971;70968;3408;120554;0,5322646
2987;72440;3112;86267;0,5474051
2988;72491;3476;127810;0,643692
2988;72491;3540;135747;0,5629933
2988;72491;3680;154125;0,5067254
3011;74018;3649;151017;0,6048838
3036;76759;3630;148771;0,6594529
3036;76759;3663;152484;0,5003313
3036;76759;4070;208888;0,5388013
3038;77166;3174;92095;0,6856663
3038;77166;3804;174083;0,5634565
3046;77602;3552;136788;0,5521393
3046;77602;3851;182619;0,5456786
3061;79498;3105;85270;0,6565539
3061;79498;3434;124186;0,6490089
3061;79498;3543;136036;0,563968
3061;79498;4000;201731;0,5758587
3072;81781;3120;87536;0,7529036
3072;81781;3211;97640;0,5883325
3072;81781;3248;101740;0,5035367
3072;81781;3408;120554;0,6227243
3072;81781;3640;149707;0,5134683
3073;81786;3074;81787;0,6588804
3077;82151;3078;82154;0,9586109
3083;82625;3084;82628;0,6098939
3094;83768;3208;97461;0,5246938
3104;84852;3292;104483;0,5789905
3104;84852;3819;178292;0,5662004
3105;85270;3434;124186;0,6694691
3105;85270;3543;136036;0,5892362
3105;85270;3928;194530;0,5357268
3105;85270;4000;201731;0,6138438
3110;86093;3872;185557;0,5241917
3111;86265;3112;86267;0,630916
3111;86265;3113;86268;0,687632
3111;86265;3114;86270;0,5583457
3112;86267;3113;86268;0,742749
3112;86267;3114;86270;0,6711943
3112;86267;3509;132303;0,5043764
3113;86268;3114;86270;0,6202351
3120;87536;3211;97640;0,7056156
3120;87536;3248;101740;0,5568699
3120;87536;3408;120554;0,7223166
3120;87536;3443;125083;0,5118066
3120;87536;3640;149707;0,6590941
3120;87536;3697;156202;0,6400649
3134;88947;3315;107356;0,5803834
3134;88947;4057;207120;0,5821816
3144;90182;3247;101497;0,5280161
3146;90193;3208;97461;0,524057
3148;90213;3872;185557;0,5450721
3174;92095;3804;174083;0,5997164
3184;94286;3288;104250;0,5284222
3184;94286;3395;119413;0,6024644
3186;95190;3684;155453;0,5003841
3191;96117;3709;157407;0,5965112
3208;97461;3247;101497;0,5222312
3208;97461;3485;129186;0,5106025
3211;97640;3248;101740;0,5033148
3211;97640;3408;120554;0,6607419
3211;97640;3640;149707;0,5382469
3211;97640;3697;156202;0,5530356
3231;99648;3382;118234;0,5976228
3248;101740;3408;120554;0,5129461
3256;102330;3304;105468;0,5653172
3266;103299;3304;105468;0,5412589
3268;103390;3276;103651;0,6426885
3268;103390;3278;103701;0,6275794
3268;103390;3582;139779;0,6996122
3268;103390;3651;151223;0,5331782
3268;103390;3676;153851;0,5467195
3268;103390;3742;163323;0,5564443
3276;103651;3278;103701;0,6311255
3276;103651;3582;139779;0,5577645
3276;103651;3676;153851;0,5781247
3276;103651;3742;163323;0,5445797
3278;103701;3582;139779;0,7438347
3278;103701;3612;145390;0,5669668
3278;103701;3651;151223;0,7225981
3278;103701;3676;153851;0,7315928
3287;104204;3742;163323;0,6111953
3287;104204;3849;182446;0,5098379
3288;104250;3395;119413;0,6958609
3290;104353;3554;136809;0,5457076
3292;104483;3819;178292;0,6898429
3304;105468;3322;107889;0,5139057
3304;105468;3323;107891;0,51535
3304;105468;3329;108368;0,5286282
3304;105468;3742;163323;0,5100347
3304;105468;3849;182446;0,5244841
3315;107356;4057;207120;0,596518
3317;107622;3318;107623;0,5715995
3321;107880;3334;108928;0,5284679
3323;107891;3515;133447;0,5228964
3327;108254;3460;126120;0,5081515
3328;108365;3338;109704;0,6221576
3328;108365;3376;117980;0,5015291
3328;108365;3742;163323;0,5623732
3335;108937;3437;124311;0,5428561
3335;108937;3761;167110;0,6967627
3336;109288;3337;109324;0,5288332
3338;109704;3742;163323;0,5877659
3342;110686;3551;136659;0,5040318
3342;110686;3930;194716;0,5520189
3345;112261;3945;197452;0,5916688
3355;113869;3399;119771;0,5116066
3376;117980;3485;129186;0,5346532
3376;117980;3742;163323;0,5489046
3390;118951;3507;132119;0,5255038
3397;119651;3516;133504;0,5499707
3408;120554;3640;149707;0,5816546
3419;122861;3529;134758;0,6201106
3421;122962;3535;135318;0,566749
3422;123010;3725;160543;0,7812522
3422;123010;3989;200629;0,5297117
3426;123332;3742;163323;0,5405548
3434;124186;3543;136036;0,6169031
3434;124186;4000;201731;0,5861117
3437;124311;3761;167110;0,5333601
3476;127810;3540;135747;0,6607229
3476;127810;3680;154125;0,6105387
3479;128387;3480;128388;0,6786233
3490;129760;3491;129761;0,9375187
3503;131654;3846;181995;0,524011
3517;133712;3518;133716;0,6122639
3540;135747;3680;154125;0,5645874
3543;136036;3928;194530;0,5180368
3543;136036;4000;201731;0,5254195
3546;136255;3634;149071;0,5928016
3552;136788;3851;182619;0,5161269
3578;139119;3742;163323;0,5258201
3582;139779;3612;145390;0,5247781
3582;139779;3651;151223;0,6703805
3582;139779;3676;153851;0,5544904
3609;144566;3742;163323;0,5468602
3612;145390;3651;151223;0,5358233
3623;146799;4184;227049;0,553906
3630;148771;4070;208888;0,5075936
3634;149071;3797;172599;0,5765817
3634;149071;4019;204221;0,6296099
3635;149098;3872;185557;0,5236363
3642;150086;3667;153212;0,579099
3651;151223;3676;153851;0,5178171
3668;153220;3813;175194;0,5177688
3671;153619;3745;164165;0,6065242
3671;153619;4098;211201;0,5043526
3684;155453;3963;198422;0,5858274
3691;155926;3701;156693;0,5107785
3692;155957;3693;155958;0,9897029
3721;159635;3742;163323;0,5056341
3729;161422;3730;161423;0,9280455
3733;161636;3817;178091;0,573796
3739;163219;3742;163323;0,5148647
3742;163323;3849;182446;0,5670431
3755;166599;3756;166600;0,9856614
3762;167262;3769;168898;0,6143654
3775;169242;4141;219124;0,5170351
3797;172599;4019;204221;0,5289468
3800;173477;3813;175194;0,7089245
3816;177911;4011;203601;0,5335887
3848;182248;4141;219124;0,6284112
3859;183794;3888;189558;0,5047789
3916;192779;3948;197540;0,5465931
3948;197540;4107;213883;0,5988194
3974;199452;4010;203553;0,5725683
3984;200278;4149;221339;0,7263205
4044;206437;4121;215991;0,5051481
4057;207120;4119;215743;0,5565153
4113;215125;4114;215126;0,6987244
4124;216311;4151;221802;0,5033271
